1,teachers,8,0
1,nearest,7,0
1,course,6,2
1,moment,6,2
1,welfare,7,0
1,learned,7,0
1,captain,7,1
1,enough,6,1
1,strong,6,3
1,artwork,7,2
1,confirm,7,2
1,increase,8,0
1,purpose,7,0
1,science,7,0
1,stressed,8,0
1,victory,7,4
1,helpful,7,3
1,reverse,7,0
1,approve,7,0
1,culture,7,0
1,morning,7,3
1,member,6,0
1,desire,6,1
1,manager,7,2
1,shortly,7,2
1,options,7,3
1,about,5,1
1,better,6,0
1,sisters,7,0
1,theater,7,1
1,famous,6,2
1,routine,7,1
1,incomes,7,1
1,pursued,7,1
1,related,7,1
1,portion,7,1
1,radical,7,1
1,brother,7,0
1,doctor,6,2
1,money,5,3
1,offline,7,3
1,outlook,7,2
1,surface,7,1
1,justice,7,1
1,winning,7,1
1,within,6,1
1,reverse,7,0
1,entire,6,1
1,example,7,1
1,obvious,7,2
1,gallery,7,2
1,comfort,7,2
1,believe,7,0
1,hopeful,7,2
1,during,6,3
1,largest,7,0
1,private,7,1
1,history,7,3
1,through,7,2
1,guarded,7,0
1,journal,7,3
1,combine,7,4
1,endure,6,0
1,child,5,3
1,windows,7,3
1,vision,6,1
1,perhaps,7,0
1,elderly,7,1
1,military,8,2
1,chamber,7,1
1,genius,6,3
1,spirits,7,3
1,perhaps,7,0
1,mistake,7,2
1,meaning,7,2
1,thereby,7,0
1,world,5,0
1,whisper,7,1
1,surface,7,1
1,speech,6,0
1,instead,7,1
1,record,6,0
1,indoors,7,2
1,require,7,0
1,winning,7,1
1,analysis,8,1
1,organic,7,1
1,vaccine,7,2
1,evolved,7,1
1,attract,7,4
1,staying,7,2
1,samples,7,1
1,power,5,2
1,problem,7,1
1,animal,6,1
1,exercise,8,0
1,speech,6,0
1,already,7,0
1,receive,7,0
1,feeling,7,1
1,removal,7,1
1,process,7,1
1,purpose,7,0
1,ability,7,3
1,council,7,2
1,always,6,3
1,convert,7,1
1,respect,7,0
1,seconds,7,1
1,contact,7,2
1,always,6,3
1,perform,7,0
1,finance,7,2
1,article,7,1
1,moment,6,2
1,minutes,7,1
1,sharing,7,1
1,should,6,2
1,samples,7,1
1,entire,6,1
1,popular,7,3
1,conduct,7,3
1,valleys,7,3
1,account,7,3
1,private,7,1
1,member,6,0
1,group,5,1
1,overall,7,1
1,readily,7,1
1,great,5,0
1,general,7,1
1,warrior,7,3
1,pleasure,8,0
1,endless,7,0
1,privacy,7,1
1,singing,7,1
1,remains,7,3
1,builder,7,2
1,website,7,2
1,feeling,7,1
1,finding,7,3
1,unified,7,3
1,because,7,1
1,gallery,7,2
1,records,7,1
1,ability,7,3
1,example,7,1
1,advance,7,2
1,impact,6,1
1,nearby,6,1
1,forever,7,0
1,minutes,7,1
1,prepare,7,0
1,capture,7,1
1,comfort,7,2
1,receipt,7,1
1,comfort,7,2
1,money,5,3
1,suggest,7,1
1,overall,7,1
1,student,7,0
1,protect,7,1
1,indeed,6,0
1,medical,7,4
1,victory,7,4
1,valleys,7,3
1,large,5,0
1,visible,7,1
1,learn,5,0
1,consent,7,0
1,outdoor,7,3
1,process,7,1
1,teaming,7,2
1,science,7,0
1,approve,7,0
1,margins,7,1
1,today,5,1
1,within,6,1
1,pursuit,7,2
1,existed,7,2
1,machine,7,2
1,happy,5,2
1,website,7,2
1,display,7,2
1,unknown,7,3
1,guessing,8,0
1,indeed,6,0
1,visited,7,1
1,updated,7,2
1,wonder,6,4
1,eternal,7,0
1,illegal,7,2
1,seconds,7,1
1,thereby,7,0
1,options,7,3
1,spread,6,1
1,surgery,7,1
1,nature,6,3
1,improve,7,0
1,privacy,7,1
1,finally,7,2
1,indoors,7,2
1,selfish,7,1
1,result,6,0
1,right,5,0
1,reverse,7,0
1,manager,7,2
1,stories,7,1
1,receipt,7,1
1,updated,7,2
1,obvious,7,2
1,council,7,2
1,scoring,7,4
1,compare,7,1
1,finance,7,2
1,balance,7,2
1,number,6,2
1,health,6,2
1,public,6,1
1,again,5,1
1,welfare,7,0
1,leader,6,1
1,selfish,7,1
1,under,5,1
1,enough,6,1
1,world,5,0
1,yawning,7,1
1,release,7,1
1,decade,6,0
1,yearly,6,0
1,recruit,7,0
1,yawning,7,1
1,people,6,1
1,thought,7,3
1,forgive,7,1
1,twisted,7,1
1,company,7,3
1,approve,7,0
1,instant,7,1
1,nearest,7,0
1,present,7,0
1,insight,7,1
1,revised,7,0
1,united,6,1
1,develop,7,2
1,nearby,6,1
1,journey,7,2
1,waiting,7,1
1,routine,7,1
1,younger,7,3
1,taking,6,1
1,imagine,7,2
1,chamber,7,1
1,instant,7,1
1,again,5,1
1,existed,7,2
1,learned,7,0
1,species,7,0
1,quickly,7,4
1,similar,7,1
1,silence,7,0
1,printer,7,0
1,united,6,1
1,control,7,2
1,tasks,5,1
1,medical,7,4
1,glasses,7,1
1,animal,6,1
1,readily,7,1
1,member,6,0
1,whisper,7,1
1,values,6,2
1,vision,6,1
1,escape,6,1
1,unfair,6,1
1,worker,6,0
1,strange,7,1
1,simple,6,3
1,thing,5,2
1,artwork,7,2
1,certain,7,1
1,perform,7,0
1,silence,7,0
1,account,7,3
1,article,7,1
1,comment,7,1
1,outdoor,7,3
1,thereby,7,0
1,worries,7,1
1,organic,7,1
1,ability,7,3
1,village,7,2
1,society,7,1
1,stretch,7,1
1,turning,7,2
1,concert,7,1
1,slavery,7,2
1,illegal,7,2
1,hundred,7,0
1,instant,7,1
1,players,7,1
1,outline,7,4
1,periods,7,1
1,result,6,0
1,instead,7,1
1,wonder,6,4
1,quarter,7,0
1,mineral,7,1
1,council,7,2
1,tickets,7,2
1,helpful,7,3
1,shortly,7,2
1,unusual,7,3
1,envious,7,2
1,itself,6,0
1,world,5,0
1,release,7,1
1,sunsets,7,0
1,offline,7,3
1,already,7,0
1,famous,6,2
1,little,6,2
1,approve,7,0
1,employer,8,0
1,mankind,7,2
1,remains,7,3
1,glasses,7,1
1,evidence,8,0
1,danger,6,1
1,improve,7,0
1,quality,7,2
1,journal,7,3
1,sincere,7,0
1,workers,7,0
1,evolved,7,1
1,person,6,0
1,pursuit,7,2
1,sources,7,1
1,rapidly,7,1
1,eternal,7,0
1,employee,8,0
1,rewards,7,0
1,suggest,7,1
1,sustain,7,1
1,captain,7,1
1,meeting,7,2
1,choice,6,2
1,exactly,7,0
1,subject,7,0
1,about,5,1
1,values,6,2
1,younger,7,3
1,culture,7,0
1,dancing,7,2
1,journal,7,3
1,pursued,7,1
1,machine,7,2
1,sharing,7,1
1,species,7,0
1,replace,7,1
1,neglect,7,1
1,after,5,0
1,economy,7,1
1,weather,7,1
1,perhaps,7,0
1,prevent,7,1
1,instead,7,1
1,yellow,6,2
1,convert,7,1
1,fitness,7,1
1,surface,7,1
1,really,6,0
1,believe,7,0
1,rapidly,7,1
1,together,8,1
1,primary,7,1
1,retired,7,0
1,within,6,1
1,mankind,7,2
1,stories,7,1
1,complex,7,4
1,instant,7,1
1,young,5,3
1,seeking,7,0
1,thought,7,3
1,foolish,7,4
1,record,6,0
1,entire,6,1
1,improve,7,0
1,careful,7,1
1,evidence,8,0
1,support,7,2
1,glasses,7,1
1,mineral,7,1
1,another,7,0
1,nothing,7,1
1,traffic,7,2
1,plastic,7,1
1,wanting,7,1
1,nearby,6,1
1,isolate,7,2
1,promise,7,1
1,selling,7,1
1,about,5,1
1,attract,7,4
1,problem,7,1
1,achieve,7,0
1,world,5,0
1,deserve,7,0
1,fiction,7,3
1,military,8,2
1,reviews,7,0
1,network,7,3
1,promote,7,0
1,warrior,7,3
1,incomes,7,1
1,victory,7,4
1,indeed,6,0
1,builder,7,2
1,escape,6,1
1,clarify,7,3
1,perfect,7,2
1,guessing,8,0
1,surface,7,1
1,little,6,2
1,dynamic,7,1
1,fiction,7,3
1,reverse,7,0
1,strikes,7,0
1,impact,6,1
1,passion,7,1
1,spirit,6,1
1,sending,7,1
1,interim,7,2
1,officer,7,1
1,school,6,2
1,dancing,7,2
1,possess,7,0
1,member,6,0
1,support,7,2
1,further,7,1
1,perfect,7,2
1,brought,7,2
1,pleased,7,0
1,deserve,7,0
1,doctor,6,2
1,amazing,7,1
1,courage,7,0
1,course,6,2
1,attract,7,4
1,tasks,5,1
1,letters,7,0
1,machine,7,2
1,gaining,7,1
1,physics,7,4
1,rapidly,7,1
1,leisure,7,1
1,freedom,7,0
1,tasks,5,1
1,unknown,7,3
1,portion,7,1
1,suggest,7,1
1,undergo,7,3
1,transit,7,2
1,younger,7,3
1,purpose,7,0
1,showing,7,2
1,patriot,7,2
1,great,5,0
1,offline,7,3
1,indeed,6,0
1,soldier,7,2
1,equator,7,3
1,result,6,0
1,walking,7,1
1,prevent,7,1
1,matter,6,1
1,contain,7,1
1,program,7,2
1,modern,6,1
1,husband,7,3
1,undergo,7,3
1,unfair,6,1
1,enhance,7,0
1,every,5,0
1,purpose,7,0
1,youth,5,2
1,article,7,1
1,extreme,7,0
1,massive,7,2
1,meaning,7,2
1,outdoor,7,3
1,fitness,7,1
1,creator,7,0
1,sharing,7,1
1,distance,8,0
1,perform,7,0
1,decide,6,1
1,related,7,1
1,warrior,7,3
