1,poetry,6,1
1,kitchen,7,1
1,process,7,1
1,deliver,7,1
1,related,7,0
1,meeting,7,2
1,creator,7,0
1,indeed,6,0
1,citizen,7,1
1,instead,7,0
1,hopeful,7,3
1,others,6,0
1,clearly,7,1
1,injured,7,0
1,special,7,2
1,periods,7,1
1,upright,7,2
1,genius,6,4
1,explore,7,1
1,numbers,7,3
1,transit,7,1
1,equally,7,1
1,radical,7,2
1,writers,7,0
1,mankind,7,1
1,program,7,2
1,samples,7,2
1,strong,6,2
1,quietly,7,1
1,exactly,7,1
1,minutes,7,1
1,hunger,6,1
1,central,7,1
1,genetic,7,1
1,radical,7,2
1,guessing,8,0
1,desire,6,0
1,exercise,8,0
1,about,5,1
1,helpful,7,3
1,promote,7,1
1,article,7,0
1,concert,7,1
1,revised,7,1
1,elderly,7,0
1,clearly,7,1
1,study,5,1
1,young,5,2
1,pursuit,7,2
1,thereby,7,0
1,equality,8,0
1,valleys,7,3
1,package,7,2
1,exact,5,1
1,between,7,0
1,matter,6,1
1,degree,6,0
1,outside,7,1
1,itself,6,1
1,endless,7,1
1,helpful,7,3
1,gaining,7,2
1,analysis,8,1
1,military,8,1
1,feeling,7,1
1,receipt,7,2
1,entire,6,1
1,several,7,0
1,enhance,7,0
1,receive,7,0
1,escape,6,1
1,welfare,7,0
1,warmest,7,1
1,tickets,7,2
1,middle,6,1
1,higher,6,0
1,council,7,2
1,foolish,7,4
1,network,7,3
1,again,5,2
1,utility,7,3
1,outside,7,1
1,money,5,2
1,entrance,8,0
1,worries,7,1
1,waiting,7,2
1,failure,7,0
1,debate,6,1
1,indoors,7,2
1,winning,7,1
1,council,7,2
1,utility,7,3
1,possess,7,0
1,receipt,7,2
1,warrior,7,2
1,convert,7,1
1,soldier,7,1
1,desire,6,0
1,indeed,6,0
1,leader,6,1
1,again,5,2
1,energy,6,0
1,engines,7,0
1,strikes,7,0
1,subject,7,0
1,encourage,9,0
1,impact,6,1
1,nervous,7,1
1,manager,7,0
1,seconds,7,1
1,travel,6,0
1,dynamic,7,1
1,readily,7,1
1,address,7,3
1,unknown,7,1
1,nervous,7,1
1,selfish,7,2
1,transit,7,2
1,growing,7,2
1,glasses,7,2
1,market,6,0
1,storage,7,0
1,written,7,0
1,learn,5,0
1,comfort,7,2
1,deliver,7,0
1,moment,6,2
1,warrior,7,2
1,youth,5,1
1,special,7,2
1,located,7,2
1,pursued,7,0
1,present,7,1
1,debate,6,1
1,holiday,7,3
1,decade,6,0
1,despite,7,2
1,forgive,7,0
1,teachers,8,0
1,speaker,7,0
1,essence,7,0
1,council,7,1
1,sources,7,1
1,methods,7,2
1,removal,7,1
1,middle,6,1
1,world,5,1
1,herself,7,0
1,endless,7,1
1,removal,7,1
1,session,7,2
1,incomes,7,1
1,sending,7,1
1,updated,7,3
1,forgive,7,0
1,envious,7,1
1,barrier,7,0
1,fitness,7,0
1,clarify,7,3
1,written,7,0
1,suggest,7,0
1,improve,7,0
1,windows,7,3
1,essence,7,0
1,unusual,7,2
1,taking,6,1
1,endure,6,0
1,similar,7,3
1,anyone,6,0
1,harmony,7,2
1,command,7,1
1,manager,7,0
1,yellow,6,2
1,evidence,8,0
1,organic,7,1
1,capital,7,3
1,certain,7,1
1,neglect,7,1
1,sources,7,1
1,through,7,2
1,under,5,0
1,amazing,7,1
1,around,6,3
1,transit,7,2
1,anyone,6,0
1,mistake,7,2
1,evolved,7,1
1,passing,7,4
1,periods,7,1
1,defense,7,1
1,watches,7,4
1,unified,7,1
1,yawning,7,1
1,upright,7,2
1,student,7,0
1,choice,6,4
1,amazing,7,1
1,poetry,6,1
1,article,7,0
1,today,5,1
1,living,6,1
1,nearby,6,1
1,indoors,7,2
1,finally,7,2
1,voice,5,3
1,teaming,7,1
1,together,8,0
1,culture,7,1
1,promise,7,1
1,flowers,7,1
1,complex,7,3
1,happy,5,4
1,perhaps,7,0
1,display,7,3
1,stealth,7,0
1,variety,7,2
1,another,7,0
1,growing,7,2
1,advance,7,2
1,youth,5,1
1,speech,6,0
1,society,7,0
1,billion,7,1
1,popular,7,2
1,genetic,7,1
1,organic,7,1
1,against,7,1
1,mistake,7,2
1,employer,8,0
1,fairly,6,1
1,learn,5,0
1,certain,7,1
1,provide,7,0
1,strange,7,1
1,family,6,2
1,uncover,7,2
1,world,5,1
1,learned,7,0
1,guarded,7,0
1,sisters,7,0
1,course,6,2
1,science,7,0
1,station,7,1
1,treated,7,1
1,really,6,0
1,perhaps,7,0
1,product,7,3
1,under,5,1
1,shortly,7,2
1,fairly,6,1
1,respect,7,0
1,through,7,2
1,brought,7,3
1,power,5,2
1,welfare,7,0
1,eternal,7,0
1,tighter,7,1
1,section,7,1
1,gallery,7,3
1,compete,7,1
1,amazing,7,1
1,players,7,0
1,child,5,3
1,develop,7,2
1,improve,7,1
1,stories,7,1
1,compete,7,1
1,person,6,1
1,recruit,7,0
1,perform,7,0
1,warrior,7,2
1,holiday,7,3
1,between,7,0
1,mankind,7,1
1,warmest,7,1
1,regular,7,0
1,because,7,1
1,vitally,7,3
1,tasks,5,1
1,fitness,7,1
1,forever,7,0
1,fairly,6,1
1,better,6,0
1,purpose,7,2
1,warning,7,1
1,little,6,3
1,elderly,7,0
1,learned,7,0
1,deliver,7,1
1,medical,7,3
1,existed,7,0
1,equality,8,0
1,regular,7,0
1,desire,6,0
1,numbers,7,3
1,pointed,7,2
1,envious,7,1
1,middle,6,1
1,subject,7,1
1,thanks,6,3
1,think,5,3
1,entire,6,1
1,contain,7,1
1,private,7,0
1,economy,7,1
1,single,6,0
1,concern,7,1
1,travel,6,0
1,between,7,0
1,sincere,7,0
1,radical,7,2
1,produce,7,1
1,replace,7,1
1,together,8,0
1,violent,7,1
1,guarded,7,0
1,spread,6,0
1,husband,7,2
1,arrival,7,2
1,recent,6,0
1,glasses,7,2
1,produce,7,1
1,sitting,7,3
1,succeed,7,0
1,writers,7,0
1,holiday,7,3
1,degree,6,0
1,sunrise,7,2
1,husband,7,2
1,uncover,7,2
1,hundred,7,0
1,fiction,7,2
1,efforts,7,2
1,through,7,2
1,power,5,0
1,players,7,0
1,consent,7,0
1,players,7,0
1,youth,5,1
1,content,7,1
1,science,7,0
1,earning,7,0
1,article,7,0
1,course,6,3
1,sisters,7,0
1,nearest,7,0
1,choice,6,4
1,evolved,7,1
1,portray,7,2
1,receipt,7,1
1,winning,7,1
1,receipt,7,1
1,standard,8,2
1,wonder,6,2
1,mankind,7,1
1,social,6,2
1,fitness,7,1
1,between,7,0
1,achieve,7,0
1,yellow,6,2
1,teaming,7,1
1,winning,7,1
1,network,7,3
1,retired,7,0
1,streams,7,1
1,protect,7,2
1,trapped,7,0
1,spirit,6,1
1,declare,7,0
1,methods,7,2
1,confirm,7,3
1,veteran,7,0
1,savings,7,1
1,modern,6,0
1,falling,7,1
1,mission,7,1
1,article,7,0
1,anyone,6,0
1,approve,7,0
1,holiday,7,3
1,recent,6,0
1,unknown,7,1
1,society,7,0
1,harmony,7,2
1,feeling,7,2
1,utility,7,3
1,military,8,1
1,request,7,0
1,failure,7,1
1,result,6,0
1,manager,7,0
1,mistake,7,2
1,several,7,0
1,forgive,7,0
1,extreme,7,0
1,guarded,7,0
1,speech,6,0
1,poetry,6,1
1,hopeful,7,2
1,again,5,2
1,doctor,6,2
1,military,8,2
1,study,5,1
1,essence,7,0
1,council,7,1
1,updated,7,4
1,protest,7,1
1,removal,7,1
1,council,7,1
1,obvious,7,3
1,forgive,7,1
1,voice,5,3
1,meaning,7,1
1,winning,7,1
1,worries,7,1
1,reviews,7,0
1,economy,7,0
1,central,7,1
1,updated,7,4
1,others,6,0
1,unfair,6,2
1,artwork,7,2
1,sharing,7,2
1,nearby,6,0
1,example,7,1
1,address,7,3
1,players,7,0
1,concern,7,1
1,degree,6,0
1,exact,5,1
1,courage,7,0
1,yearly,6,0
1,youth,5,1
1,produce,7,1
1,neglect,7,1
1,require,7,0
1,school,6,2
1,silence,7,0
1,windows,7,2
1,signals,7,1
1,central,7,1
1,group,5,0
1,yearly,6,0
1,shortly,7,2
1,popular,7,2
1,article,7,0
1,engaged,7,2
1,command,7,1
1,morning,7,2
1,journal,7,1
1,species,7,0
1,removal,7,1
1,taking,6,2
1,tired,5,0
1,culture,7,2
1,exact,5,1
1,history,7,3
1,located,7,2
1,enforce,7,0
1,gallery,7,3
1,speaker,7,1
1,power,5,0
1,program,7,2
1,sitting,7,3
1,enquiry,7,1
1,village,7,1
1,spirit,6,1
1,think,5,1
1,escape,6,1
1,entire,6,0
1,values,6,2
1,routine,7,0
1,between,7,0
1,nothing,7,1
1,offline,7,3
1,summary,7,3
1,towards,7,2
1,promise,7,0
1,voice,5,3
1,contact,7,2
1,service,7,0
1,finally,7,3
1,purpose,7,2
1,finally,7,3
1,working,7,3
1,theater,7,1
1,savings,7,1
1,opinion,7,1
1,believe,7,0
1,mankind,7,1
1,sharing,7,2
1,readily,7,1
1,keeping,7,0
1,options,7,2
1,creator,7,0
1,concern,7,1
1,picture,7,1
1,kitchen,7,1
1,periods,7,1
1,succeed,7,0
